{
  "train_loss": [
    9.2341,
    8.7652,
    8.3421,
    7.9876,
    7.6543,
    7.3421,
    7.0654,
    6.8123,
    6.5876,
    6.3842,
    6.1923,
    6.0234,
    5.8765,
    5.7432,
    5.6234,
    5.5123,
    5.4098,
    5.3154,
    5.2287,
    5.1492,
    5.0765,
    5.0098,
    4.9487,
    4.8921,
    4.8401,
    4.7921,
    4.7476,
    4.7062,
    4.6677,
    4.6318,
    4.5984,
    4.5673,
    4.5383,
    4.5113,
    4.4861,
    4.4626,
    4.4407,
    4.4203,
    4.4013,
    4.3836,
    4.3671,
    4.3517,
    4.3373,
    4.3239,
    4.3114,
    4.2997,
    4.2888,
    4.2786,
    4.2691,
    4.2602,
    3.8765,
    3.2341,
    2.9876,
    2.8654,
    2.8473
  ],
  "val_loss": [
    6.4521,
    5.2341,
    3.9234,
    3.2876,
    3.0234,
    2.9123,
    2.9234
  ],
  "perplexity": [
    634.23,
    187.65,
    50.54,
    26.81,
    20.56,
    18.42,
    18.62
  ],
  "step": [
    1000,
    2000,
    10000,
    25000,
    50000,
    75000,
    100000
  ],
  "learning_rate": [
    0.0003,
    0.0006,
    0.000582,
    0.000545,
    0.000476,
    0.000342,
    6e-05
  ]
}